name,company,personalizedOpener,blogResearch,status
"Sarah Chen","Velocity AI","I noticed your recent article on scaling ML pipelines - the approach you took with batch processing resonated with our challenges at Velocity.","Sarah has been writing extensively about machine learning infrastructure on the Velocity AI blog. Key themes include: 1) Challenges with real-time inference at scale, 2) Cost optimization strategies for GPU clusters, 3) Building robust data pipelines. Recent post 'Scaling ML Without Breaking the Bank' discussed their journey from single-GPU to distributed training. She emphasizes practical, cost-effective solutions over bleeding-edge approaches. Potential pain points: infrastructure costs, deployment complexity, team scaling.",Review
"Marcus Rivera","CloudStack Pro","Your breakdown of the Kubernetes migration journey was incredibly detailed - especially the part about handling stateful workloads.","Marcus is the VP of Engineering at CloudStack Pro, a mid-size cloud consultancy. His blog focuses on cloud-native architectures and DevOps practices. Notable posts include 'The Real Cost of Kubernetes' and 'Why We Moved Back to VMs (And Then Back to K8s)'. He's vocal about avoiding over-engineering and values simplicity. His team of 45 engineers serves enterprise clients. Key interests: reducing operational complexity, improving developer experience, hybrid cloud strategies.",Review
"Elena Kowalski","DataForge Analytics","The case study you published about real-time dashboard performance was exactly what we've been researching for our own platform.","Elena is CTO at DataForge Analytics, a business intelligence startup. Her technical blog covers data visualization, query optimization, and building performant dashboards. Recent focus on handling 10M+ row datasets in browser. Published 'Sub-Second Queries: A Practical Guide' which went viral on HN. Background in distributed systems from her time at Google. Values: data-driven decisions, user experience, technical excellence.",Review
"James Thornton","SecureNet Labs","Your threat modeling framework in the March article offered a fresh perspective - particularly the automated risk scoring system.","James leads security research at SecureNet Labs, focusing on enterprise security solutions. His blog 'Securing the Stack' has 50k+ subscribers. Topics include zero-trust architecture, API security, and compliance automation. Recently wrote about the intersection of AI and cybersecurity. Former NSA contractor, now advocates for transparent security practices. Key concerns: reducing false positives, streamlining compliance, developer-friendly security tools.",Review
"Priya Sharma","GrowthLoop","I loved your analysis of product-led growth metrics - the framework for measuring activation was particularly insightful.","Priya is Head of Growth at GrowthLoop, a PLG-focused SaaS company. Her blog covers growth experimentation, user onboarding, and retention strategies. Known for data-heavy posts backed by real experiments. 'The Activation Equation' post detailed how they improved trial-to-paid by 340%. Background in data science before moving to growth. Values: experimentation culture, metric-driven decisions, sustainable growth over hacks.",Review
"David Park","Nexus Robotics","The technical deep-dive on ROS2 migration challenges matched our experience almost exactly - would love to compare notes.","David is Principal Engineer at Nexus Robotics, working on warehouse automation. His blog covers robotics software architecture, sensor fusion, and real-time systems. Recent series on 'Production-Ready ROS2' gained traction in the robotics community. Previously at Boston Dynamics. Interested in: simulation environments, fleet management, edge computing for robots. Challenges include maintaining systems across 200+ deployed robots.",Review
"Amanda Foster","HealthTech Dynamics","Your piece on HIPAA-compliant data architectures addressed concerns we're actively working through with our engineering team.","Amanda is Director of Engineering at HealthTech Dynamics, building patient engagement platforms. Blog focuses on healthcare technology, compliance, and security. Notable for making complex regulations accessible to engineers. Series on 'Building for Healthcare' covers HIPAA, HL7 FHIR, and interoperability. Background in clinical informatics. Key challenges: balancing compliance with innovation, integrating with legacy hospital systems, patient data privacy.",Review
"Robert Kim","FinEdge Capital","The algorithmic trading latency optimization techniques you described could significantly impact our execution quality.","Robert is Head of Technology at FinEdge Capital, a quantitative hedge fund. His rarely-updated but highly technical blog covers low-latency systems, market microstructure, and quantitative finance. Posts include kernel bypass networking and FPGA acceleration. Princeton CS PhD. Interested in: nanosecond-level optimizations, market data infrastructure, risk systems. Team of 12 engineers managing $2B AUM.",Review
"Lisa Martinez","EduScale","Your research on adaptive learning algorithms aligns perfectly with the personalization challenges we face in K-12 education.","Lisa is VP of Product at EduScale, an ed-tech company serving K-12 schools. Her blog explores learning science, educational technology, and AI in education. Recent focus on personalized learning paths and engagement metrics. Former teacher turned product leader. Published 'Beyond Gamification: Real Engagement in EdTech'. Key interests: evidence-based learning, accessibility, teacher empowerment. Serving 5M+ students across 500 districts.",Review
"Michael O'Brien","LogiFlow Systems","The supply chain visibility architecture you outlined addresses the exact blind spots we've been trying to solve for our enterprise clients.","Michael is CTO at LogiFlow Systems, a supply chain visibility platform. Blog covers logistics technology, IoT integration, and enterprise software. Known for practical posts on integrating with legacy ERP systems. Recent series on 'Real-Time Supply Chain' discussed challenges with global tracking. 15 years in logistics tech. Key challenges: data standardization, carrier integrations, predictive analytics. Platform handles 50M+ shipments annually.",Review

